角色,图片数量
丰聪耳神子,496
琪露诺,495
魂魄妖梦,494
洩矢诹访子,493
秦心,493
帕秋莉·诺蕾姬,492
博丽灵梦,492
爱丽丝·玛格特洛依德,491
雾雨魔理沙,490
八云紫,490
露米娅,489
芙兰朵露·斯卡蕾特,489
西行寺幽幽子,488
伊吹萃香,486
键山雏,484
古明地恋,483
封兽鵺,483
藤原妹红,483
古明地觉,482
蓬莱山辉夜,482
物部布都,482
河城荷取,478
苏我屠自古,477
天弓千亦,477
火焰猫燐,475
灵乌路空,475
霍青娥,473
摩多罗隐岐奈,473
蕾米莉亚·斯卡蕾特,472
爱塔妮缇拉尔瓦,471
莉莉霍瓦特,469
红美铃,467
十六夜咲夜,464
比那名居天子,462
橙,460
梅蒂欣·梅兰可莉,460
村纱水蜜,460
蕾蒂·霍瓦特洛克,459
魅魔,457
八云蓝,456
吉吊八千慧,454
庭渡久侘歌,454
本居小铃,454
杖刀偶磨弓,453
哆来咪·苏伊特,453
云居一轮,452
宫古芳香,451
茨木华扇,449
若鹭姬,449
鬼人正邪,447
东风谷早苗,447
犬走椛,446
幽谷响子,445
多多良小伞,444
铃仙·优昙华院·因幡,443
娜兹玲,441
埴安神袿姬,439
依神紫苑,439
纯狐,435
小野塚小町,435
姬海棠果,432
高丽野阿吽,430
清兰,423
秋静叶,421
神绮,419
桑尼米尔克,418
稀神探女,412
朱鹭子,409
永江衣玖,405
克劳恩皮丝,403
圣白莲,402
风见幽香,399
琪斯美,396
上白泽慧音,395
小恶魔,392
菅牧典,387
赫卡提亚·拉碧斯拉祖利,384
八坂神奈子,383
宇佐见堇子,378
铃瑚,376
八意永琳,373
秋穰子,368
露娜切露德,359
四季映姬,359
露娜萨·普莉兹姆利巴,358
今泉影狼,357
赤蛮奇,354
莉格露·奈特巴格,347
大妖精,347
二岩猯藏,343
因幡天为,342
莉莉卡·普莉兹姆利巴,314
丁礼田舞,297
尔子田里乃,296
射命丸文,285
冈崎梦美,270
牛崎润美,267
星熊勇仪,264
稗田阿求,257
绵月丰姬,241
九十九八桥,227
山城高岭,224
幻月,221
铃仙二号,203
艾丽,190
卡娜·安娜贝拉尔,190
驹草山如,188
坂田合欢,184
奥野田美宵,183
梦子,168
梦月,163
北白河千百合,142
舞,140
胡桃,129
斯塔萨菲雅,125
玉造魅须丸,121
戎璎花,115
雪,106
依莉斯,102
露易兹,87
矜羯罗,83
九十九弁弁,80
小兔姬,77
明罗,72
朝仓理香子,63
玛艾露贝莉·赫恩,60
绵月依姬,59
萨拉,54
奥莲姬,46
萨丽爱尔,43
里香,43
堀川雷鼓,42
饭纲丸龙,42
骊驹早鬼,41
留琴,36
梅露兰·普莉兹姆利巴,33
姬虫百百世,30
饕餮尤魔,20
矢田寺成美,11
冴月麟,10
